<?xml version="1.0" encoding="UTF-8" ?>  
<!DOCTYPE generatorConfiguration PUBLIC "-//mybatis.org//DTD MyBatis Generator Configuration 1.0//EN" "http://mybatis.org/dtd/mybatis-generator-config_1_0.dtd" >
<generatorConfiguration>
	<classPathEntry
		location="D:\work\workspace2\mybatis-gen\context\lib\ojdbc14-10.2.0.3.0.jar" />
	<context id="context1" targetRuntime="MyBatis3"
		defaultModelType="hierarchical">
		<plugin type="org.mybatis.generator.plugins.RenameExampleClassPlugin">
			<property name="searchString" value="Example$" />
			<property name="replaceString" value="Criteria" />
		</plugin>
		<jdbcConnection driverClass="oracle.jdbc.driver.OracleDriver"
			connectionURL="jdbc:oracle:thin:@10.79.11.189:1521:npdb" userId="datasync"
			password="datasync" />

		<javaModelGenerator targetPackage="com.sfpay.sfgo_m.domain"
			targetProject="D:\work\sfgo-m\generate-src\src" />

		<sqlMapGenerator targetPackage="mybatis"
			targetProject="D:\work\sfgo-m\generate-src\src" />

		<!-- <table tableName="address">
			<generatedKey column="id"
				sqlStatement="SELECT SEQ_ADDRESS.NEXTVAL FROM DUAL" type="pre" />
		</table>

		<table tableName="ADMIN_PERMISSION">
			<generatedKey column="id"
				sqlStatement="SELECT SEQ_ADMIN_PERMISSION.NEXTVAL FROM DUAL" type="pre" />
		</table>

		<table tableName="ADMIN_ROLE">
			<generatedKey column="id"
				sqlStatement="SELECT SEQ_ADMIN_ROLE.NEXTVAL FROM DUAL" type="pre" />
		</table>

		<table tableName="ADMIN_ROLE_PERMISSION">
			<generatedKey column="id"
				sqlStatement="SELECT SEQ_ADMIN_ROLE_PERMISSION.NEXTVAL FROM DUAL"
				type="pre" />
		</table>
		<table tableName="ADMIN_USER">
			<generatedKey column="id"
				sqlStatement="SELECT SEQ_ADMIN_USER.NEXTVAL FROM DUAL" type="pre" />
		</table>

		<table tableName="ADMIN_USER_ROLE">
			<generatedKey column="id"
				sqlStatement="SELECT SEQ_ADMIN_USER_ROLE.NEXTVAL FROM DUAL" type="pre" />
		</table>

		<table tableName="APPEAL_INFO">
			<generatedKey column="id"
				sqlStatement="SELECT SEQ_APPEAL_INFO.NEXTVAL FROM DUAL" type="pre" />
		</table>

		<table tableName="AXG_WAYBILL_INFO">
			<generatedKey column="id"
				sqlStatement="SELECT SEQ_AXG_WAYBILL_INFO.NEXTVAL FROM DUAL" type="pre" />
		</table>
		<table tableName="COD_REFUND_LOG">
			<generatedKey column="id"
				sqlStatement="SELECT SEQ_COD_REFUND_LOG.NEXTVAL FROM DUAL" type="pre" />
		</table>

		<table tableName="DELIVER_COUNT">
			<generatedKey column="id"
				sqlStatement="SELECT SEQ_DELIVER_COUNT.NEXTVAL FROM DUAL" type="pre" />
		</table>
		<table tableName="DISPUTE_INFO">
			<generatedKey column="id"
				sqlStatement="SELECT SEQ_DISPUTE_INFO.NEXTVAL FROM DUAL" type="pre" />
		</table>

		<table tableName="GOODS_INFO">
			<generatedKey column="id"
				sqlStatement="SELECT SEQ_GOODS_INFO.NEXTVAL FROM DUAL" type="pre" />
		</table>
		<table tableName="INVOICE_PROPERTY">
			<generatedKey column="id"
				sqlStatement="SELECT SEQ_INVOICE_PROPERTY.NEXTVAL FROM DUAL" type="pre" />
		</table>

		<table tableName="MEMBER">
			<generatedKey column="id"
				sqlStatement="SELECT SEQ_MEMBER.NEXTVAL FROM DUAL" type="pre" />
		</table>

		<table tableName="MESSAGE">
			<generatedKey column="id"
				sqlStatement="SELECT SEQ_MESSAGE.NEXTVAL FROM DUAL" type="pre" />
		</table>

		<table tableName="NEW_FEATURES">
			<generatedKey column="id"
				sqlStatement="SELECT SEQ_NEW_FEATURES.NEXTVAL FROM DUAL" type="pre" />
		</table>

		<table tableName="NOTICE_INFO">
			<generatedKey column="id"
				sqlStatement="SELECT SEQ_NOTICE_INFO.NEXTVAL FROM DUAL" type="pre" />
		</table>

		<table tableName="OPERATE_LOG">
			<generatedKey column="id"
				sqlStatement="SELECT SEQ_OPERATE_LOG.NEXTVAL FROM DUAL" type="pre" />
		</table>

		<table tableName="OPERATOR_INFO">
			<generatedKey column="id"
				sqlStatement="SELECT SEQ_OPERATOR_INFO.NEXTVAL FROM DUAL" type="pre" />
		</table>

		<table tableName="PERMISSION">
			<generatedKey column="id"
				sqlStatement="SELECT SEQ_PERMISSION.NEXTVAL FROM DUAL" type="pre" />
		</table>

		<table tableName="REFUND_INFO">
			<generatedKey column="id"
				sqlStatement="SELECT SEQ_REFUND_INFO.NEXTVAL FROM DUAL" type="pre" />
		</table>

		<table tableName="ROLE">
			<generatedKey column="id" sqlStatement="SELECT SEQ_ROLE.NEXTVAL FROM DUAL"
				type="pre" />
		</table>

		<table tableName="ROLE_PERMISSION_RELATION">
			<generatedKey column="id"
				sqlStatement="SELECT SEQ_ROLE_PERMISSION_RELATION.NEXTVAL FROM DUAL"
				type="pre" />
		</table>

		<table tableName="SYSTEM_CONFIG">
			<generatedKey column="id"
				sqlStatement="SELECT SEQ_SYSTEM_CONFIG.NEXTVAL FROM DUAL" type="pre" />
		</table>

		<table tableName="TASK_LOG">
			<generatedKey column="id"
				sqlStatement="SELECT SEQ_TASK_LOG.NEXTVAL FROM DUAL" type="pre" />
		</table>

		<table tableName="TEMPLATE_PROPERTY">
			<generatedKey column="id"
				sqlStatement="SELECT SEQ_TEMPLATE_PROPERTY.NEXTVAL FROM DUAL" type="pre" />
		</table>

		<table tableName="USER_INVOICE_PROPERTY">
			<generatedKey column="id"
				sqlStatement="SELECT SEQ_USER_INVOICE_PROPERTY.NEXTVAL FROM DUAL"
				type="pre" />
		</table>

		<table tableName="USER_LIST_HEADER_INFO">
			<generatedKey column="id"
				sqlStatement="SELECT SEQ_USER_LIST_HEADER_INFO.NEXTVAL FROM DUAL"
				type="pre" />
		</table>

		<table tableName="USER_ROLE_RELATION">
			<generatedKey column="id"
				sqlStatement="SELECT SEQ_USER_ROLE_RELATION.NEXTVAL FROM DUAL" type="pre" />
		</table>

		<table tableName="USER_SYSTEM_CONFIG">
			<generatedKey column="id"
				sqlStatement="SELECT SEQ_USER_SYSTEM_CONFIG.NEXTVAL FROM DUAL" type="pre" />
		</table>

		<table tableName="USER_TEMPLATE_PROPERTY">
			<generatedKey column="id"
				sqlStatement="SELECT SEQ_USER_TEMPLATE_PROPERTY.NEXTVAL FROM DUAL"
				type="pre" />
		</table>

		<table tableName="VALID_INFO">
			<generatedKey column="id"
				sqlStatement="SELECT SEQ_VALID_INFO.NEXTVAL FROM DUAL" type="pre" />
		</table>


		<table tableName="RPT_AXG_ORDER">
			<generatedKey column="id"
				sqlStatement="SELECT SEQ_RPT_AXG_ORDER.NEXTVAL FROM DUAL" type="pre" />
		</table>

		<table tableName="RPT_AXG_REFUND">
			<generatedKey column="id"
				sqlStatement="SELECT SEQ_RPT_AXG_REFUND.NEXTVAL FROM DUAL" type="pre" />
		</table>

		<table tableName="RPT_BUSINESS">
			<generatedKey column="id"
				sqlStatement="SELECT SEQ_RPT_BUSINESS.NEXTVAL FROM DUAL" type="pre" />
		</table>

		<table tableName="RPT_COD_AMOUNT">
			<generatedKey column="id"
				sqlStatement="SELECT SEQ_RPT_COD_AMOUNT.NEXTVAL FROM DUAL" type="pre" />
		</table>

		<table tableName="RPT_LOGISTICS">
			<generatedKey column="id"
				sqlStatement="SELECT SEQ_RPT_LOGISTICS.NEXTVAL FROM DUAL" type="pre" />
		</table>
		<table tableName="RPT_USER_LOGISTICS">
			<generatedKey column="id"
				sqlStatement="SELECT SEQ_RPT_USER_LOGISTICS.NEXTVAL FROM DUAL" type="pre" />
		</table> 
		
		<table tableName="AXG_OPERATE_LOG">
			<generatedKey column="id"
				sqlStatement="SELECT SEQ_AXG_OPERATE_LOG.NEXTVAL FROM DUAL" type="pre" />
		</table>
		
		<table tableName="LOGISTICS_NO_EXT">
			<generatedKey column="id"
				sqlStatement="SELECT SEQ_LOGISTICS_NO_EXT.NEXTVAL FROM DUAL" type="pre" />
		</table>
		
		<table tableName="LOGIN_LOG">
			<generatedKey column="id"
				sqlStatement="SELECT SEQ_LOGIN_LOG.NEXTVAL FROM DUAL" type="pre" />
		</table>
		<table tableName="LOGIN_BANNER">
			<generatedKey column="id"
				sqlStatement="SELECT SEQ_LOGIN_BANNER.NEXTVAL FROM DUAL" type="pre" />
		</table>
		
		<table tableName="ORDER_ROUTE">
			<generatedKey column="id"
				sqlStatement="SELECT SEQ_ORDER_ROUTE.NEXTVAL FROM DUAL" type="pre" />
		</table>
		
		<table tableName="PRINT_TEMPLATE">
			<generatedKey column="id"
				sqlStatement="SELECT SEQ_PRINT_TEMPLATE.NEXTVAL FROM DUAL" type="pre" />
		</table>
		
		<table tableName="LIST_HEADER_INFO">
			<generatedKey column="id"
				sqlStatement="SELECT SEQ_LIST_HEADER_INFO.NEXTVAL FROM DUAL" type="pre" />
		</table>
		
		<table tableName="PRINT_TEMPLATE">
			<generatedKey column="id"
				sqlStatement="SELECT SEQ_PRINT_TEMPLATE.NEXTVAL FROM DUAL" type="pre" />
		</table>
		
		<table tableName="WELCOME_INFO">
			<generatedKey column="id"
				sqlStatement="SELECT SEQ_LOGIN_LOG.NEXTVAL FROM DUAL" type="pre" />
		</table>
		
		<table tableName="ORDER_GOODS">
			<generatedKey column="id"
				sqlStatement="SELECT SEQ_ORDER_GOODS.NEXTVAL FROM DUAL" type="pre" />
		</table>
		
		<table tableName="DISPUTE_INFO">
			<generatedKey column="id"
				sqlStatement="SELECT SEQ_DISPUTE_INFO.NEXTVAL FROM DUAL" type="pre" />
		</table>
		
		<table tableName="ECS_MEMBER_RELATION">
			<generatedKey column="id"
				sqlStatement="SELECT SEQ_ECS_MEMBER_RELATION.NEXTVAL FROM DUAL" type="pre" />
		</table>
		
		<table tableName="MERCHANT_CUST_INFO">
			<generatedKey column="id"
				sqlStatement="SELECT SEQ_MERCHANT_CUST_INFO.NEXTVAL FROM DUAL" type="pre" />
		</table>
		
		<table tableName="USER_PRINT_TEMPLATE">
			<generatedKey column="id"
				sqlStatement="SELECT SEQ_USER_PRINT_TEMPLATE.NEXTVAL FROM DUAL" type="pre" />
		</table>
		
		<table tableName="MERCHANT_CUST_INFO">
			<generatedKey column="id"
				sqlStatement="SELECT SEQ_MERCHANT_CUST_INFO.NEXTVAL FROM DUAL" type="pre" />
		</table>
		
		<table tableName="LOGISTICS_ORDER_EXT">
			<generatedKey column="id"
				sqlStatement="SELECT SEQ_LOGISTICS_ORDER_EXT.NEXTVAL FROM DUAL"
				type="pre" />
		</table>
		<table tableName="LOGISTICS_ORDER">
			<generatedKey column="id"
				sqlStatement="SELECT SEQ_LOGISTICS_ORDER.NEXTVAL FROM DUAL" type="pre" />
		</table>
		
		<table tableName="MEMBER_MERCHANT">
			<generatedKey column="id"
				sqlStatement="SELECT SEQ_MEMBER_MERCHANT.NEXTVAL FROM DUAL" type="pre" />
		</table>
		
		<table tableName="WAYBILL_COD_BIL">
			<generatedKey column="id"
				sqlStatement="SELECT SEQ_WAYBILL_COD_BIL.NEXTVAL FROM DUAL" type="pre" />
		</table>
		
		<table tableName="WAYBILL_COD_EXP">
			<generatedKey column="id"
				sqlStatement="SELECT SEQ_WAYBILL_COD_EXP.NEXTVAL FROM DUAL" type="pre" />
		</table>
		
		<table tableName="WAYBILL_TASK_INFO">
			<generatedKey column="id"
				sqlStatement="SELECT SEQ_WAYBILL_TASK_INFO.NEXTVAL FROM DUAL" type="pre" />
		</table>
		
		-->
		<table tableName="WAYBILL_COD_MQ_BIL">
			<generatedKey column="id"
				sqlStatement="SELECT SEQ_WAYBILL_COD_MQ_BIL.NEXTVAL FROM DUAL" type="pre" />
		</table>
		<table tableName="WAYBILL_COD_MQ_EXP">
			<generatedKey column="id"
				sqlStatement="SELECT SEQ_WAYBILL_COD_MQ_EXP.NEXTVAL FROM DUAL" type="pre" />
		</table>
		
	</context>
</generatorConfiguration>  
