<?xml version="1.0" encoding="UTF-8" ?>  
<!DOCTYPE generatorConfiguration PUBLIC "-//mybatis.org//DTD MyBatis Generator Configuration 1.0//EN" "http://mybatis.org/dtd/mybatis-generator-config_1_0.dtd" >
<generatorConfiguration>
	<classPathEntry
		location="D:\work\jarlib\.m2\repository\mysql\mysql-connector-java\5.1.15\mysql-connector-java-5.1.15.jar" />
	<context id="context1" targetRuntime="MyBatis3"
		defaultModelType="hierarchical">
		<plugin type="org.mybatis.generator.plugins.RenameExampleClassPlugin">
			<property name="searchString" value="Example$" />
			<property name="replaceString" value="Criteria" />
		</plugin>
		<jdbcConnection driverClass="com.mysql.jdbc.Driver"
			connectionURL="jdbc:mysql://10.0.145.22:3306/bookjewelry" userId="root"
			password="root" />

		<javaModelGenerator targetPackage="com.qisa.bookjewelry.domain"
			targetProject="D:\work\sfgo-m\generate-src\src" />

		<sqlMapGenerator targetPackage="com.qisa.bookjewelry.domain.mybatis"
			targetProject="D:\work\sfgo-m\generate-src\src" />

		<!-- <table tableName="address">
			<generatedKey column="id" sqlStatement="mysql" identity="true"
				type="post" />
		</table>
	
		<table tableName="admin_user">
			<generatedKey column="id" sqlStatement="mysql" identity="true"
				type="post" />
		</table>
	
		<table tableName="appeal_info">
			<generatedKey column="id" sqlStatement="mysql" identity="true"
				type="post" />
		</table>
	
		<table tableName="axg_operate_log">
			<generatedKey column="id" sqlStatement="mysql" identity="true"
				type="post" />
		</table>
	
		<table tableName="deliver_count">
			<generatedKey column="id" sqlStatement="mysql" identity="true"
				type="post" />
		</table>
	
		<table tableName="dispute_info">
			<generatedKey column="id" sqlStatement="mysql" identity="true"
				type="post" />
		</table>
		<table tableName="template_axg_property">
			<generatedKey column="id" sqlStatement="mysql" identity="true"
				type="post" />
		</table> 
		
		<table tableName="goods_category">
		<generatedKey column="id" sqlStatement="mysql" identity="true" type="post" />
		</table>

		<table tableName="logistics_info">
		<generatedKey column="id" sqlStatement="mysql" identity="true" type="post" />
		</table>

		<table tableName="logistics_order_ext">
		<generatedKey column="id" sqlStatement="mysql" identity="true" type="post" />
		</table>

		<table tableName="member_merchant">
		<generatedKey column="id" sqlStatement="mysql" identity="true" type="post" />
		</table>
		
		<table tableName="message">
		<generatedKey column="id" sqlStatement="mysql" identity="true" type="post" />
		</table>

		<table tableName="operate_log">
		<generatedKey column="id" sqlStatement="mysql" identity="true" type="post" />
		</table>

		<table tableName="order_merge_suggestion">
		<generatedKey column="id" sqlStatement="mysql" identity="true" type="post" />
		</table>

		<table tableName="permission">
		<generatedKey column="id" sqlStatement="mysql" identity="true" type="post" />
		</table>

		<table tableName="print_template">
		<generatedKey column="id" sqlStatement="mysql" identity="true" type="post" />
		</table>
		
		<table tableName="refund_info">
		<generatedKey column="id" sqlStatement="mysql" identity="true" type="post" />
		</table>

		<table tableName="role">
		<generatedKey column="id" sqlStatement="mysql" identity="true" type="post" />
		</table>

		<table tableName="role_permission_relation">
		<generatedKey column="id" sqlStatement="mysql" identity="true" type="post" />
		</table>

		<table tableName="rpt_axg_order">
		<generatedKey column="id" sqlStatement="mysql" identity="true" type="post" />
		</table>

		<table tableName="rpt_business">
		<generatedKey column="id" sqlStatement="mysql" identity="true" type="post" />
		</table>

		<table tableName="rpt_cod_amount">
		<generatedKey column="id" sqlStatement="mysql" identity="true" type="post" />
		</table>

		<table tableName="system_config">
		<generatedKey column="id" sqlStatement="mysql" identity="true" type="post" />
		</table>

		<table tableName="task_log">
		<generatedKey column="id" sqlStatement="mysql" identity="true" type="post" />
		</table>

		<table tableName="template_property">
		<generatedKey column="id" sqlStatement="mysql" identity="true" type="post" />
		</table>
		
		<table tableName="user_logistics_price">
		<generatedKey column="id" sqlStatement="mysql" identity="true" type="post"/>
		</table>

		<table tableName="user_logistics_region">
		<generatedKey column="id" sqlStatement="mysql" identity="true" type="post"/>
		</table>

		<table tableName="user_logistics_setting">
		<generatedKey column="id" sqlStatement="mysql" identity="true" type="post"/>
		</table>

		<table tableName="user_oauth_info">
		<generatedKey column="id" sqlStatement="mysql" identity="true" type="post"/>
		</table>

		<table tableName="user_print_template">
		<generatedKey column="id" sqlStatement="mysql" identity="true" type="post"/>
		</table>

		<table tableName="user_role_relation">
		<generatedKey column="id" sqlStatement="mysql" identity="true" type="post"/>
		</table>

		<table tableName="user_system_config">
		<generatedKey column="id" sqlStatement="mysql" identity="true" type="post"/>
		</table>

		<table tableName="user_template_property">
		<generatedKey column="id" sqlStatement="mysql" identity="true" type="post"/>
		</table>

		<table tableName="valid_info">
		<generatedKey column="id" sqlStatement="mysql" identity="true" type="post"/>
		</table>
		
		<table tableName="axg_waybill_info">
		<generatedKey column="id" sqlStatement="mysql" identity="true" type="post" />
		</table>
		
		<table tableName="goods_info">
		<generatedKey column="id" sqlStatement="mysql" identity="true" type="post" />
		</table>
		
		<table tableName="ec_trade">
			<generatedKey column="id" sqlStatement="mysql" identity="true" type="post"/>
		</table>
		
		<table tableName="order_goods">
		<generatedKey column="id" sqlStatement="mysql" identity="true" type="post" />
		</table>
		
		<table tableName="order_route">
		<generatedKey column="id" sqlStatement="mysql" identity="true" type="post" />
		</table>
		
		<table tableName="notice_info">
		<generatedKey column="id" sqlStatement="mysql" identity="true" type="post" />
		</table>
		
		<table tableName="new_features">
		<generatedKey column="id" sqlStatement="mysql" identity="true" type="post" />
		</table>
		
		<table tableName="member">
		<generatedKey column="id" sqlStatement="mysql" identity="true" type="post" />
		</table>
		
		<table tableName="admin_permission">
		<generatedKey column="id" sqlStatement="mysql" identity="true" type="post" />
		</table>
		
		<table tableName="admin_role_permission">
		<generatedKey column="id" sqlStatement="mysql" identity="true" type="post" />
		</table>
		
		
		<table tableName="admin_user">
		<generatedKey column="id" sqlStatement="mysql" identity="true" type="post" />
		</table>
		
		<table tableName="admin_user_role">
		<generatedKey column="id" sqlStatement="mysql" identity="true" type="post" />
		</table>
		
		<table tableName="logistics_order">
		<generatedKey column="id" sqlStatement="mysql" identity="true" type="post" />
		</table>
		<table tableName="RptLogistics">
			<generatedKey column="id" sqlStatement="mysql" identity="true" type="post" />
		</table>
		
		<table tableName="template_property">
			<generatedKey column="id" sqlStatement="mysql" identity="true" type="post" />
		</table>
		
		<table tableName="shop_info">
			<generatedKey column="id" sqlStatement="mysql" identity="true" type="post"/>
		</table>
		
		<table tableName="print_template">
		<generatedKey column="id" sqlStatement="mysql" identity="true" type="post" />
		</table>
		
		<table tableName="template_property">
		<generatedKey column="id" sqlStatement="mysql" identity="true" type="post" />
		</table>
		
		<table tableName="system_config">
		<generatedKey column="id" sqlStatement="mysql" identity="true" type="post" />
		</table>
		
		<table tableName="logistics_order_ext">
		<generatedKey column="id" sqlStatement="mysql" identity="true" type="post" />
		</table>
		
			
		<table tableName="logistics_no_ext">
		<generatedKey column="id" sqlStatement="mysql" identity="true" type="post" />
		</table>
		-->
		
		
		
		<!-- 
		
		<table tableName="jewelry_parameter">
		<generatedKey column="id" sqlStatement="mysql" identity="true" type="post" />
		</table>
		
		<table tableName="operate_log">
		<generatedKey column="id" sqlStatement="mysql" identity="true" type="post" />
		</table>
		
		<table tableName="category">
		<generatedKey column="id" sqlStatement="mysql" identity="true" type="post" />
		</table>	
		
		<table tableName="goods_props">
		<generatedKey column="id" sqlStatement="mysql" identity="true" type="post" />
		</table>
		
		<table tableName="role_permission_relation">
		<generatedKey column="id" sqlStatement="mysql" identity="true" type="post" />
		</table>
		
		
		
		<table tableName="user_role_relation">
		<generatedKey column="id" sqlStatement="mysql" identity="true" type="post" />
		</table>
		
		<table tableName="jewelry_permission">
		<generatedKey column="id" sqlStatement="mysql" identity="true" type="post" />
		</table>
		
		 <table tableName="category_props">
		<generatedKey column="id" sqlStatement="mysql" identity="true" type="post" />
		</table>	
		
		<table tableName="jewelry_goods_props_ext">
		<generatedKey column="id" sqlStatement="mysql" identity="true" type="post" />
		</table>
		
		<table tableName="shopping_cart">
		<generatedKey column="id" sqlStatement="mysql" identity="true" type="post" />
		</table>
		
		<table tableName="jewelry_order">
		<generatedKey column="id" sqlStatement="mysql" identity="true" type="post" />
		</table>
		
		<table tableName="jewelry_role">
		<generatedKey column="id" sqlStatement="mysql" identity="true" type="post" />
		</table>
		
		<table tableName="jewelry_user">
		<generatedKey column="id" sqlStatement="mysql" identity="true" type="post" />
		</table>
		
		<table tableName="org">
		<generatedKey column="id" sqlStatement="mysql" identity="true" type="post" />
		</table>
		
		<table tableName="jewelry_goods">
		<generatedKey column="id" sqlStatement="mysql" identity="true" type="post" />
		</table>
		
		<table tableName="goods_props_value">
		<generatedKey column="id" sqlStatement="mysql" identity="true" type="post" />
		</table>
		
		<table tableName="jewelry_goods_picture">
		<generatedKey column="id" sqlStatement="mysql" identity="true" type="post" />
		</table>
		 -->
		
		
		<table tableName="jewelry_order_goods">
		<generatedKey column="id" sqlStatement="mysql" identity="true" type="post" />
		</table>
		
	</context>
</generatorConfiguration>  
