<?xml version="1.0" encoding="UTF-8" ?>  
<!DOCTYPE generatorConfiguration PUBLIC "-//mybatis.org//DTD MyBatis Generator Configuration 1.0//EN" "http://mybatis.org/dtd/mybatis-generator-config_1_0.dtd" >
<generatorConfiguration>
	<classPathEntry
		location="D:\work\jarlib\.m2\repository\mysql\mysql-connector-java\5.1.15\mysql-connector-java-5.1.15.jar" />
	<context id="context1" targetRuntime="MyBatis3"
		defaultModelType="hierarchical">
		<plugin type="org.mybatis.generator.plugins.RenameExampleClassPlugin">
			<property name="searchString" value="Example$" />
			<property name="replaceString" value="Criteria" />
		</plugin>
		<jdbcConnection driverClass="com.mysql.jdbc.Driver"
			connectionURL="jdbc:mysql://10.79.11.183:3308/axg2" userId="root"
			password="sfroot123" />

		<javaModelGenerator targetPackage="com.sfpay.axg.domain"
			targetProject="D:\work\workspace2\generator-pro\src" />

		<sqlMapGenerator targetPackage="com.axg.generator.xml"
			targetProject="D:\work\workspace2\generator-pro\src" />

		<!-- <table tableName="address">
		</table>

		<table tableName="admin_user">
		</table>

		<table tableName="appeal_info">
		</table>

		<table tableName="axg_operate_log">
		</table>

		<table tableName="deliver_count">
		</table>

		<table tableName="dispute_info">
		</table>

		<table tableName="ec_trade">
			<generatedKey column="id" sqlStatement="mysql" identity="true" type="post"/>
		</table>

		<table tableName="goods_category">
		</table>

		<table tableName="goods_info">
		</table>

		<table tableName="logistics_info">
		</table>

		<table tableName="logistics_order">
		</table>

		<table tableName="logistics_order_ext">
		</table>

		<table tableName="member">
		</table>

		<table tableName="member_merchant">
		</table>

		<table tableName="message">
		</table>

		<table tableName="notice_info">
		</table>

		<table tableName="operate_log">
		</table>

		<table tableName="operator_info">
		</table>

		<table tableName="order_goods">
		</table>

		<table tableName="order_merge_suggestion">
		</table>

		<table tableName="order_route">
		</table>

		<table tableName="permission">
		</table>

		<table tableName="print_template">
		</table>

		<table tableName="refund_info">
		</table>

		<table tableName="role">
		</table>

		<table tableName="role_permission_relation">
		</table>

		<table tableName="rpt_axg_order">
		</table>

		<table tableName="rpt_business">
		</table>

		<table tableName="rpt_cod_amount">
		</table>

		<table tableName="rpt_logistics">
		</table>

		<table tableName="system_config">
		</table>

		<table tableName="task_log">
		</table>

		<table tableName="template_property">
		</table>

		<table tableName="user_logistics_price">
		</table>

		<table tableName="user_logistics_region">
		</table>

		<table tableName="user_logistics_setting">
		</table>

		<table tableName="user_oauth_info">
		</table>

		<table tableName="user_print_template">
		</table>

		<table tableName="user_role_relation">
		</table>

		<table tableName="user_system_config">
		</table>

		<table tableName="user_template_property">
		</table>

		<table tableName="valid_info">
		</table> -->
		
		<!-- <table tableName="shop_info">
			<generatedKey column="id" sqlStatement="mysql" identity="true" type="post"/>
		</table> -->
		
		<table tableName="operate_log">
		</table>
		<table tableName="role">
			<generatedKey column="id" sqlStatement="mysql" identity="true" type="post"/>
		</table>
	</context>
</generatorConfiguration>  
